Workbook

Sheet Config
A1: Inventory Optimization Model — Configuration
A2: Full 125M-row Corporación Favorita dataset, all 54 stores, 2013-01-01 to 2017-08-15, 166,720 classified SKU-store pairs. ABC-XYZ differentiated inventory policy, aggregated to the 9-cell level (not per-SKU — see README for why). All downstream tabs are LIVE formulas off the two inputs below.
A4: Global inputs
A5: Lead time (days) | B5: 7 | C5: Days between placing and receiving a replenishment order. Sensitivity tested at 3/5/7/10.
A6: Holding cost rate (annual) | B6: 0.22 | C6: Annual carrying cost as a fraction of unit cost (22%).
A8: Unit cost note
A9: The Favorita dataset has no true unit cost. unit_cost is a proxy = 1.0, so holding cost is expressed in a unit-cost-proxy currency. Swap in real costs to get money values.
E11: 9-Cell Service-Level Policy (VLOOKUP source)
E12: Cell | F12: Service Level | G12: z-score (NORM.S.INV)
E13: AX | F13: 0.99 | G13: =NORM.S.INV(F13)
E14: AY | F14: 0.97 | G14: =NORM.S.INV(F14)
E15: AZ | F15: 0.95 | G15: =NORM.S.INV(F15)
E16: BX | F16: 0.95 | G16: =NORM.S.INV(F16)
E17: BY | F17: 0.93 | G17: =NORM.S.INV(F17)
E18: BZ | F18: 0.9 | G18: =NORM.S.INV(F18)
E19: CX | F19: 0.9 | G19: =NORM.S.INV(F19)
E20: CY | F20: 0.88 | G20: =NORM.S.INV(F20)
E21: CZ | F21: 0.85 | G21: =NORM.S.INV(F21)

Sheet Demand Profile
A1: Demand Profile — 9-Cell Aggregate
A2: Avg demand/CV per ABC-XYZ cell, all 166,720 classified SKU-store pairs collapsed to 9 rows (was one row per SKU pre-125M-row migration — see CHANGELOG). CV conditionally colored: green=low variability (X), red=high (Z).
A4: Cell | B4: SKU Count | C4: Total Revenue | D4: Avg Mean Demand | E4: Avg CV | F4: XYZ Class
A5: AX | B5: 4844 | C5: 1.8202799e+08 | D5: 33.4863 | E5: 0.4356 | F5: X
A6: AY | B6: 42527 | C6: 5.6693641e+08 | D6: 11.4569 | E6: 0.7062 | F6: Y
A7: AZ | B7: 9066 | C7: 1.093772e+08 | D7: 13.9381 | E7: 1.8488 | F7: Z
A8: BX | B8: 460 | C8: 2630684 | D8: 14.3563 | E8: 0.4551 | F8: X
A9: BY | B9: 38590 | C9: 1.3134467e+08 | D9: 4.3428 | E9: 0.7324 | F9: Y
A10: BZ | B10: 8218 | C10: 27068489 | D10: 6.3582 | E10: 1.6385 | F10: Z
A11: CX | B11: 6090 | C11: 1682051.7 | D11: 1.7437 | E11: 0.4148 | F11: X
A12: CY | B12: 48083 | C12: 42369611 | D12: 2.8371 | E12: 0.7049 | F12: Y
A13: CZ | B13: 8842 | C13: 9652031.9 | D13: 4.6457 | E13: 1.5559 | F13: Z

Sheet ABC-XYZ Matrix
A1: ABC-XYZ Classification Matrix
A2: SKU counts and revenue share across the 9 segments (all 54 stores combined). ABC = revenue tier; XYZ = demand-variability tier.
A4: SKU count per cell | F4: Revenue share % per cell
B5: X (stable) | C5: Y (moderate) | D5: Z (erratic) | G5: X (stable) | H5: Y (moderate) | I5: Z (erratic)
A6: A (high rev) | B6: 4844 | C6: 42527 | D6: 9066 | F6: A (high rev) | G6: 0.16962989 | H6: 0.52832182 | I6: 0.10192742
A7: B (mid rev) | B7: 460 | C7: 38590 | D7: 8218 | F7: B (mid rev) | G7: 0.0024515056 | H7: 0.12239866 | I7: 0.025224828
A8: C (low rev) | B8: 6090 | C8: 48083 | D8: 8842 | F8: C (low rev) | G8: 0.0015674855 | H8: 0.039483776 | I8: 0.0089946227
A10: Service level policy | F10: Avg CV per cell
B11: X (stable) | C11: Y (moderate) | D11: Z (erratic) | G11: X (stable) | H11: Y (moderate) | I11: Z (erratic)
A12: A (high rev) | B12: 0.99 | C12: 0.97 | D12: 0.95 | F12: A (high rev) | G12: 0.4356 | H12: 0.7062 | I12: 1.8488
A13: B (mid rev) | B13: 0.95 | C13: 0.93 | D13: 0.9 | F13: B (mid rev) | G13: 0.4551 | H13: 0.7324 | I13: 1.6385
A14: C (low rev) | B14: 0.9 | C14: 0.88 | D14: 0.85 | F14: C (low rev) | G14: 0.4148 | H14: 0.7049 | I14: 1.5559
A16: Totals: 166,720 SKU-store pairs, revenue proxy 1,073,089,145

Sheet Safety Stock Calculator
A1: Safety Stock Calculator (live formulas, 9-cell aggregate)
A2: SS = z·Σσ·√LT ; ROP = Σmean·LT + SS ; HC = SS·unit_cost·holding_rate. z and service level come from the Config policy table via VLOOKUP. Aggregated to one row per ABC-XYZ cell (166,720 SKUs collapsed to 9 rows) — edit the policy or the LeadTime/HoldingRate inputs and every row recalculates.
A4: Cell | B4: SKU Count | C4: Total Revenue | D4: Sum Mean Demand | E4: Sum Std Demand | F4: Unit Cost | G4: Service Level | H4: z | I4: Safety Stock | J4: Reorder Point | K4: Holding Cost
A5: AX | B5: 4844 | C5: 1.8202799e+08 | D5: 162207.79 | E5: 66537.961 | F5: 1 | G5: =VLOOKUP(A5,Config!$E$13:$G$21,2,FALSE) | H5: =NORM.S.INV(G5) | I5: =H5*E5*SQRT(Config!$B$5) | J5: =D5*Config!$B$5+I5 | K5: =I5*F5*Config!$B$6
A6: AY | B6: 42527 | C6: 5.6693641e+08 | D6: 487225.7 | E6: 335099.86 | F6: 1 | G6: =VLOOKUP(A6,Config!$E$13:$G$21,2,FALSE) | H6: =NORM.S.INV(G6) | I6: =H6*E6*SQRT(Config!$B$5) | J6: =D6*Config!$B$5+I6 | K6: =I6*F6*Config!$B$6
A7: AZ | B7: 9066 | C7: 1.093772e+08 | D7: 126362.75 | E7: 260307.85 | F7: 1 | G7: =VLOOKUP(A7,Config!$E$13:$G$21,2,FALSE) | H7: =NORM.S.INV(G7) | I7: =H7*E7*SQRT(Config!$B$5) | J7: =D7*Config!$B$5+I7 | K7: =I7*F7*Config!$B$6
A8: BX | B8: 460 | C8: 2630684 | D8: 6603.9103 | E8: 2889.5261 | F8: 1 | G8: =VLOOKUP(A8,Config!$E$13:$G$21,2,FALSE) | H8: =NORM.S.INV(G8) | I8: =H8*E8*SQRT(Config!$B$5) | J8: =D8*Config!$B$5+I8 | K8: =I8*F8*Config!$B$6
A9: BY | B9: 38590 | C9: 1.3134467e+08 | D9: 167589.62 | E9: 122420.68 | F9: 1 | G9: =VLOOKUP(A9,Config!$E$13:$G$21,2,FALSE) | H9: =NORM.S.INV(G9) | I9: =H9*E9*SQRT(Config!$B$5) | J9: =D9*Config!$B$5+I9 | K9: =I9*F9*Config!$B$6
A10: BZ | B10: 8218 | C10: 27068489 | D10: 52251.456 | E10: 92839.81 | F10: 1 | G10: =VLOOKUP(A10,Config!$E$13:$G$21,2,FALSE) | H10: =NORM.S.INV(G10) | I10: =H10*E10*SQRT(Config!$B$5) | J10: =D10*Config!$B$5+I10 | K10: =I10*F10*Config!$B$6
A11: CX | B11: 6090 | C11: 1682051.7 | D11: 10619.371 | E11: 4508.3866 | F11: 1 | G11: =VLOOKUP(A11,Config!$E$13:$G$21,2,FALSE) | H11: =NORM.S.INV(G11) | I11: =H11*E11*SQRT(Config!$B$5) | J11: =D11*Config!$B$5+I11 | K11: =I11*F11*Config!$B$6
A12: CY | B12: 48083 | C12: 42369611 | D12: 136416.53 | E12: 98758.201 | F12: 1 | G12: =VLOOKUP(A12,Config!$E$13:$G$21,2,FALSE) | H12: =NORM.S.INV(G12) | I12: =H12*E12*SQRT(Config!$B$5) | J12: =D12*Config!$B$5+I12 | K12: =I12*F12*Config!$B$6
A13: CZ | B13: 8842 | C13: 9652031.9 | D13: 41077.39 | E13: 68543.917 | F13: 1 | G13: =VLOOKUP(A13,Config!$E$13:$G$21,2,FALSE) | H13: =NORM.S.INV(G13) | I13: =H13*E13*SQRT(Config!$B$5) | J13: =D13*Config!$B$5+I13 | K13: =I13*F13*Config!$B$6
A14: TOTAL | B14: =SUM(B5:B13) | C14: =SUM(C5:C13) | I14: =SUM(I5:I13) | K14: =SUM(K5:K13)

Sheet Cost Tradeoff
A1: Cost–Service Level Tradeoff (the money chart)
A2: Uniform service level swept 85%→99.5%. Total SS = z·√LT·Σσ ; Total HC = z·√LT·holding_rate·Σ(σ·unit_cost). Both are live and react to the Config inputs. Σσ is pulled from the 9-cell aggregate calculator's grand total (all 166,720 classified SKUs, regardless of cell — this sweep applies one uniform SL to everyone). Note the convex curve — the last points of service level cost the most.
A4: Σ std demand | B4: =SUM('Safety Stock Calculator'!E5:E13)
A5: Σ (std × unit cost) | B5: =SUMPRODUCT('Safety Stock Calculator'!E5:E13,'Safety Stock Calculator'!F5:F13)
A7: Service Level | B7: z | C7: Total Safety Stock | D7: Total Holding Cost
A8: 0.8 | B8: =NORM.S.INV(A8) | C8: =B8*SQRT(Config!$B$5)*$B$4 | D8: =B8*SQRT(Config!$B$5)*Config!$B$6*$B$5
A9: 0.805 | B9: =NORM.S.INV(A9) | C9: =B9*SQRT(Config!$B$5)*$B$4 | D9: =B9*SQRT(Config!$B$5)*Config!$B$6*$B$5
A10: 0.81 | B10: =NORM.S.INV(A10) | C10: =B10*SQRT(Config!$B$5)*$B$4 | D10: =B10*SQRT(Config!$B$5)*Config!$B$6*$B$5
A11: 0.815 | B11: =NORM.S.INV(A11) | C11: =B11*SQRT(Config!$B$5)*$B$4 | D11: =B11*SQRT(Config!$B$5)*Config!$B$6*$B$5
A12: 0.82 | B12: =NORM.S.INV(A12) | C12: =B12*SQRT(Config!$B$5)*$B$4 | D12: =B12*SQRT(Config!$B$5)*Config!$B$6*$B$5
A13: 0.825 | B13: =NORM.S.INV(A13) | C13: =B13*SQRT(Config!$B$5)*$B$4 | D13: =B13*SQRT(Config!$B$5)*Config!$B$6*$B$5
A14: 0.83 | B14: =NORM.S.INV(A14) | C14: =B14*SQRT(Config!$B$5)*$B$4 | D14: =B14*SQRT(Config!$B$5)*Config!$B$6*$B$5
A15: 0.835 | B15: =NORM.S.INV(A15) | C15: =B15*SQRT(Config!$B$5)*$B$4 | D15: =B15*SQRT(Config!$B$5)*Config!$B$6*$B$5
A16: 0.84 | B16: =NORM.S.INV(A16) | C16: =B16*SQRT(Config!$B$5)*$B$4 | D16: =B16*SQRT(Config!$B$5)*Config!$B$6*$B$5
A17: 0.845 | B17: =NORM.S.INV(A17) | C17: =B17*SQRT(Config!$B$5)*$B$4 | D17: =B17*SQRT(Config!$B$5)*Config!$B$6*$B$5
A18: 0.85 | B18: =NORM.S.INV(A18) | C18: =B18*SQRT(Config!$B$5)*$B$4 | D18: =B18*SQRT(Config!$B$5)*Config!$B$6*$B$5
A19: 0.855 | B19: =NORM.S.INV(A19) | C19: =B19*SQRT(Config!$B$5)*$B$4 | D19: =B19*SQRT(Config!$B$5)*Config!$B$6*$B$5
... A47: 0.995 | B47: =NORM.S.INV(A47) | C47: =B47*SQRT(Config!$B$5)*$B$4 | D47: =B47*SQRT(Config!$B$5)*Config!$B$6*$B$5

Sheet Promotion Adjustments
A1: Promotion Adjustments — recommended buffer by family
A2: During promotions, demand lifts and the baseline reorder point can be breached. Extra safety stock needed per family, sized from historical promo lift, at full-dataset scale (all 54 stores).
A4: Family | B4: SKUs | C4: Lift % | D4: SS Baseline | E4: SS Promo | F4: SS Increase | G4: HC Increase
A5: GROCERY I | B5: 54523 | C5: 0.7321772 | D5: 1429043.4 | E5: 1952199.9 | F5: 523156.49 | G5: 115094.43
A6: BEVERAGES | B6: 27443 | C6: 0.76659447 | D6: 1150049.8 | E6: 1590860.8 | F6: 440810.91 | G6: 96978.41
A7: CLEANING | B7: 18993 | C7: 0.71191582 | D7: 371145.2 | E7: 503257.28 | F7: 132112.08 | G7: 29064.656
A8: PRODUCE | B8: 10820 | C8: 0.33899871 | D8: 428959.86 | E8: 501668.28 | F8: 72708.421 | G8: 15995.851
A9: FROZEN FOODS | B9: 2094 | C9: 0.54178294 | D9: 222539.5 | E9: 282823.54 | F9: 60284.048 | G9: 13262.492
A10: HOME AND KITCHEN II | B10: 1924 | C10: 3.5737203 | D10: 17377.134 | E10: 48427.64 | F10: 31050.506 | G10: 6831.1121
A11: PERSONAL CARE | B11: 6725 | C11: 0.39932024 | D11: 90064.22 | E11: 108046.45 | F11: 17982.232 | G11: 3956.0909
A12: HOME CARE | B12: 4826 | C12: 0.51694357 | D12: 68590.501 | E12: 86319.211 | F12: 17728.709 | G12: 3900.3157
A13: MEATS | B13: 2082 | C13: 0.31903139 | D13: 79084.185 | E13: 91699.355 | F13: 12615.17 | G13: 2775.3359
A14: SCHOOL AND OFFICE SUPPLIES | B14: 372 | C14: 2.8084408 | D14: 6269.6444 | E14: 15073.606 | F14: 8803.962 | G14: 1936.8711
A15: BREAD/BAKERY | B15: 4889 | C15: 0.11960587 | D15: 116845.8 | E15: 123833.51 | F15: 6987.7199 | G15: 1537.3023
A16: LIQUOR,WINE,BEER | B16: 2082 | C16: 0.23281952 | D16: 52118.803 | E16: 58185.942 | F16: 6067.139 | G16: 1334.7692
... A37: PREPARED FOODS | B37: 1173 | C37: -0.089291802 | D37: 29459.973 | E37: 28144.706 | F37: -1315.2668 | G37: -289.36007
